title,rating,year
Le voyage dans la lune,8.2,1902
The Great Train Robbery,7.3,1903
The Birth of a Nation,6.2,1915
Les vampires,7.3,1915
Intolerance: Love's Struggle Throughout the Ages,7.7,1916
Das Cabinet des Dr. Caligari,8,1920
Broken Blossoms or The Yellow Man and the Girl,7.2,1919
Within Our Gates,6.4,1920
Way Down East,7.4,1920
Orphans of the Storm,7.3,1921
Körkarlen,8,1921
La souriante Madame Beudet,6.6,1923
"Dr. Mabuse, der Spieler",7.8,1922
Nanook of the North,7.6,1922
"Nosferatu, eine Symphonie des Grauens",7.9,1922
Häxan,7.6,1922
Foolish Wives,7,1922
Our Hospitality,7.8,1923
La roue,7.5,1923
Der letzte Mann,8,1924
Stachka,7.6,1925
Sherlock Jr.,8.2,1924
The Great White Silence,8,1922
Greed,8.1,1924
The Thief of Bagdad,7.7,1924
The Eagle,6.6,1925
The Phantom of the Opera,7.5,1925
Bronenosets Potemkin,7.9,1925
The Gold Rush,8.1,1925
The Big Parade,7.9,1925
Seven Chances,7.8,1925
Die Abenteuer des Prinzen Achmed,7.8,1926
Metropolis,8.3,1927
Sunrise: A Song of Two Humans,8.1,1927
The General,8.1,1926
The Unknown,7.7,1927
Oktyabr,7.4,1927
The Jazz Singer,6.4,1927
Napoléon vu par Abel Gance,8.2,1927
The Kid Brother,7.6,1927
The Crowd,8.1,1928
The Docks of New York,7.5,1928
La passion de Jeanne d'Arc,8.2,1928
Un chien andalou,7.7,1929
"Steamboat Bill, Jr.",7.8,1928
Potomok Chingis-Khana,7,1928
Prapancha Pash,6.5,1929
Chelovek s kino-apparatom,8.4,1929
Die Büchse der Pandora,7.8,1929
Blackmail,6.9,1929
Little Caesar,7.2,1931
Der blaue Engel,7.7,1930
All Quiet on the Western Front,8.1,1930
L'âge d'or,7.2,1930
Zemlya,7.2,1930
À nous la liberté,7.4,1931
Limite,7.1,1931
Tabu: A Story of the South Seas,7.4,1931
City Lights,8.5,1931
Dracula,7.4,1931
Frankenstein,7.8,1931
The Public Enemy,7.6,1931
M - Eine Stadt sucht einen Mörder,8.3,1931
Le million,7.4,1931
La chienne,7.5,1931
Vampyr,7.4,1932
I Am a Fugitive from a Chain Gang,8.2,1932
Boudu sauvé des eaux,7.3,1932
Love Me Tonight,7.5,1932
Shanghai Express,7.3,1932
Trouble in Paradise,8,1932
Scarface,7.7,1932
Freaks,7.8,1932
Me and My Gal,6.6,1932
42nd Street,7.3,1933
Footlight Parade,7.5,1933
The Bitter Tea of General Yen,6.9,1932
She Done Him Wrong,6.3,1933
Duck Soup,7.8,1933
Zéro de conduite: Jeunes diables au collège,7.2,1933
Gold Diggers of 1933,7.7,1933
King Kong,7.9,1933
Las Hurdes,7.3,1933
Sons of the Desert,7.5,1933
Queen Christina,7.5,1933
Triumph des Willens,7.2,1935
It's a Gift,7.1,1934
Shen nu,7.7,1934
It Happened One Night,8.1,1934
L'Atalante,7.8,1934
The Black Cat,6.9,1934
The Thin Man,7.9,1934
Judge Priest,6.2,1934
Mutiny on the Bounty,7.6,1935
The 39 Steps,7.6,1935
A Night at the Opera,7.8,1935
Bride of Frankenstein,7.8,1935
Captain Blood,7.7,1935
Top Hat,7.7,1935
Peter Ibbetson,6.9,1935
Modern Times,8.5,1936
Swing Time,7.5,1936
Mr. Deeds Goes to Town,7.8,1936
My Man Godfrey,8,1936
Le roman d'un tricheur,7.6,1936
Camille,7.3,1936
Things to Come,6.6,1936
Dodsworth,7.8,1936
Partie de campagne,7.5,1946
Sabotage,7,1936
Pépé le Moko,7.7,1937
Make Way for Tomorrow,8.2,1937
La grande illusion,8.1,1937
Stella Dallas,7.4,1937
Ye ban ge sheng,6.2,1935
Snow White and the Seven Dwarfs,7.6,1937
Captains Courageous,7.9,1937
The Awful Truth,7.7,1937
The Life of Emile Zola,7.2,1937
Jezebel,7.4,1938
The Adventures of Robin Hood,7.9,1938
Angels with Dirty Faces,7.9,1938
La femme du boulanger,7.5,1938
Bringing Up Baby,7.8,1938
Olympia 1. Teil - Fest der Völker,7.8,1938
Olympia 2. Teil - Fest der Schönheit,7.7,1938
The Lady Vanishes,7.8,1938
Wuthering Heights,7.5,1939
Mr. Smith Goes to Washington,8.1,1939
Stagecoach,7.8,1939
Only Angels Have Wings,7.6,1939
Destry Rides Again,7.6,1939
Gone with the Wind,8.2,1939
Le jour se lève,7.7,1939
Gunga Din,7.2,1939
Ninotchka,7.8,1939
The Wizard of Oz,8.1,1939
La règle du jeu,7.9,1939
Zangiku monogatari,7.8,1939
Babes in Arms,6.3,1939
His Girl Friday,7.8,1940
Fantasia,7.7,1940
Rebecca,8.1,1940
The Philadelphia Story,7.9,1940
The Grapes of Wrath,8.1,1940
The Mortal Storm,7.7,1940
The Bank Dick,7.1,1940
Pinocchio,7.5,1940
"Dance, Girl, Dance",6.8,1940
Citizen Kane,8.3,1941
Sergeant York,7.7,1941
The Lady Eve,7.7,1941
The Wolf Man,7.2,1941
High Sierra,7.5,1941
How Green Was My Valley,7.7,1941
Sullivan's Travels,7.9,1941
The Maltese Falcon,8,1941
Dumbo,7.2,1941
The Palm Beach Story,7.5,1942
"Now, Voyager",7.9,1942
To Be or Not to Be,8.2,1942
The Magnificent Ambersons,7.6,1942
Yankee Doodle Dandy,7.6,1942
Mrs. Miniver,7.6,1942
Casablanca,8.5,1942
Cat People,7.2,1942
Fires Were Started,6.5,1943
The Ox-Bow Incident,8,1943
The Life and Death of Colonel Blimp,8,1943
Meshes of the Afternoon,7.9,1943
The Seventh Victim,6.7,1943
The Man in Grey,6.5,1943
Shadow of a Doubt,7.8,1943
Ossessione,7.6,1943
I Walked with a Zombie,7,1943
Laura,7.9,1944
Meet Me in St. Louis,7.5,1944
To Have and Have Not,7.8,1944
Gaslight,7.8,1944
The Chronicle History of King Henry the Fifth with His Battell Fought at Agincourt in France,7,1944
Double Indemnity,8.3,1944
"Murder, My Sweet",7.5,1944
Ivan Groznyy,7.7,1944
Ivan Groznyy. Skaz vtoroy: Boyarskiy zagovor,7.8,1958
Mildred Pierce,7.9,1945
Detour,7.3,1945
I Know Where I'm Going!,7.5,1945
The Lost Weekend,7.9,1945
Les enfants du paradis,8.3,1945
San Pietro,6.6,1945
Brief Encounter,8,1945
Roma città aperta,8,1945
Spellbound,7.5,1945
The Best Years of Our Lives,8.1,1946
Paisà,7.6,1946
The Postman Always Rings Twice,7.4,1946
La belle et la bête,7.9,1946
The Killers,7.7,1946
It's a Wonderful Life,8.6,1946
The Big Sleep,7.9,1946
Gilda,7.6,1946
A Matter of Life and Death,8,1946
Great Expectations,7.8,1946
My Darling Clementine,7.7,1946
Notorious,7.9,1946
Black Narcissus,7.7,1947
The Stranger,7.3,1946
Out of the Past,8,1947
Monsieur Verdoux,7.8,1947
Odd Man Out,7.7,1947
The Ghost and Mrs. Muir,7.8,1947
Ladri di biciclette,8.3,1948
Letter from an Unknown Woman,7.9,1948
Secret Beyond the Door...,6.7,1947
Force of Evil,7.2,1948
Xiao cheng zhi chun,7.3,1948
Red River,7.8,1948
The Paleface,6.6,1948
The Snake Pit,7.6,1948
The Lady from Shanghai,7.5,1947
Rope,7.9,1948
The Red Shoes,8.1,1948
The Treasure of the Sierra Madre,8.2,1948
Louisiana Story,6.5,1948
Gun Crazy,7.6,1950
The Reckless Moment,7.1,1949
White Heat,8.1,1949
Adam's Rib,7.5,1949
The Heiress,8.1,1949
The Third Man,8.1,1949
Kind Hearts and Coronets,8,1949
Whisky Galore!,7.1,1949
On the Town,7.3,1949
Orphée,7.9,1950
The Asphalt Jungle,7.8,1950
Rashômon,8.2,1950
All About Eve,8.2,1950
Winchester '73,7.6,1950
Rio Grande,7,1950
Sunset Blvd.,8.4,1950
Los olvidados,8.3,1950
In a Lonely Place,7.9,1950
Ace in the Hole,8.1,1951
Strangers on a Train,7.9,1951
A Streetcar Named Desire,7.9,1951
An American in Paris,7.2,1951
Pandora and the Flying Dutchman,6.9,1951
The African Queen,7.7,1951
A Place in the Sun,7.7,1951
The Lavender Hill Mob,7.5,1951
Journal d'un curé de campagne,7.8,1951
The Day the Earth Stood Still,7.8,1951
The Quiet Man,7.7,1952
Jeux interdits,8,1952
Europa '51,7.4,1952
Singin' in the Rain,8.3,1952
The Bad and the Beautiful,7.8,1952
Ikiru,8.3,1952
Umberto D.,8.2,1952
High Noon,8,1952
Le carrosse d'or,7,1952
Angel Face,7.2,1952
The Big Sky,6.9,1952
Sommaren med Monika,7.5,1953
Pickup on South Street,7.6,1953
The Band Wagon,7.4,1953
Les vacances de Monsieur Hulot,7.3,1953
Madame de...,7.9,1953
Le salaire de la peur,8.2,1953
The Bigamist,6.8,1953
The Naked Spur,7.3,1953
Tôkyô monogatari,8.2,1953
From Here to Eternity,7.6,1953
Ugetsu monogatari,8.2,1953
Viaggio in Italia,7.3,1954
Shane,7.6,1953
Gentlemen Prefer Blondes,7.1,1953
Roman Holiday,8,1953
The Big Heat,7.9,1953
Beat the Devil,6.4,1953
On the Waterfront,8.1,1954
La strada,8,1954
Les diaboliques,8.1,1955
A Star Is Born,7.5,1954
Rear Window,8.5,1954
Senso,7.4,1954
Silver Lode,6.8,1954
The Barefoot Contessa,6.9,1954
Shichinin no samurai,8.6,1954
Sanshô dayû,8.4,1954
Carmen Jones,6.7,1954
Johnny Guitar,7.6,1954
Salt of the Earth,7.3,1954
Seven Brides for Seven Brothers,7.3,1954
Animal Farm,7.2,1954
Lola Montès,7.3,1955
Pather Panchali,8.3,1955
Ordet,8.3,1955
Marty,7.7,1955
Artists and Models,6.5,1955
Rebel Without a Cause,7.6,1955
Les maîtres fous,6.6,1955
Giv'a 24 Eina Ona,5.8,1955
Bad Day at Black Rock,7.7,1955
Nuit et brouillard,8.6,1956
The Phenix City Story,7.2,1955
The Man with the Golden Arm,7.3,1955
Kiss Me Deadly,7.5,1955
Guys and Dolls,7.1,1955
The Night of the Hunter,8,1955
The Ladykillers,7.6,1955
Oklahoma!,7,1955
Sommarnattens leende,7.7,1955
Bob le flambeur,7.6,1956
All That Heaven Allows,7.6,1955
The Man from Laramie,7.3,1955
The Ten Commandments,7.9,1956
The Searchers,7.9,1956
Biruma no tategoto,8,1956
Forbidden Planet,7.5,1956
Written on the Wind,7.4,1956
Un condamné à mort s'est échappé ou Le vent souffle où il veut,8.2,1956
Bigger Than Life,7.4,1956
Invasion of the Body Snatchers,7.7,1956
Giant,7.6,1956
The Wrong Man,7.4,1956
High Society,6.9,1956
The Man Who Knew Too Much,7.4,1956
Kumonosu-jô,8.1,1957
Paths of Glory,8.4,1957
An Affair to Remember,7.4,1957
Det sjunde inseglet,8.1,1957
12 Angry Men,9,1957
Smultronstället,8.1,1957
The Incredible Shrinking Man,7.6,1957
Gunfight at the O.K. Corral,7.1,1957
Le notti di Cabiria,8.1,1957
Letyat zhuravli,8.3,1957
Aparajito,8.3,1956
The Bridge on the River Kwai,8.2,1957
Sweet Smell of Success,8,1957
Mother India,7.8,1957
Touch of Evil,8,1958
Gigi,6.6,1958
The Defiant Ones,7.6,1958
Man of the West,7.1,1958
Vertigo,8.3,1958
Popiól i diament,7.8,1958
Bab el hadid,7.5,1958
Jalsaghar,7.9,1958
Mon oncle,7.7,1958
Some Came Running,7.3,1958
Dracula,7.2,1958
Some Like It Hot,8.2,1959
North by Northwest,8.3,1959
Les quatre cents coups,8.1,1959
Pickpocket,7.6,1959
Hiroshima mon amour,7.9,1959
Ride Lonesome,7.1,1959
Orfeu Negro,7.4,1959
Ben-Hur,8.1,1959
Anatomy of a Murder,8,1959
Shadows,7.2,1958
Apur Sansar,8.5,1959
Rio Bravo,8,1959
Ukikusa,7.9,1959
Les yeux sans visage,7.6,1960
Saturday Night and Sunday Morning,7.5,1960
La dolce vita,8,1960
Le trou,8.5,1960
Rocco e i suoi fratelli,8.2,1960
L'avventura,7.8,1960
À bout de souffle,7.7,1960
Spartacus,7.9,1960
The Apartment,8.3,1960
Hanyo,7.3,1960
Meghe Dhaka Tara,7.9,1960
Psycho,8.5,1960
Tirez sur le pianiste,7.4,1960
Peeping Tom,7.6,1960
La maschera del demonio,7.1,1960
The Young One,7.4,1960
Splendor in the Grass,7.7,1961
Viridiana,8.1,1961
La jetée,8.2,1962
Breakfast at Tiffany's,7.6,1961
Lola,7.5,1961
The Exiles,6.7,1961
La notte,8,1961
West Side Story,7.6,1961
The Hustler,8,1961
The Ladies Man,6.3,1961
Såsom i en spegel,8,1961
Chronique d'un été (Paris 1960),7.5,1961
L'année dernière à Marienbad,7.7,1961
One-Eyed Jacks,7.1,1961
Cléo de 5 à 7,7.9,1962
Dog Star Man,6.2,1964
Vivre sa vie: Film en douze tableaux,7.8,1962
Sanma no aji,8.1,1962
Lolita,7.5,1962
The Man Who Shot Liberty Valance,8.1,1962
Heaven and Earth Magic,5.1,1962
Lawrence of Arabia,8.3,1962
To Kill a Mockingbird,8.3,1962
O Pagador de Promessas,8.3,1962
L'eclisse,7.7,1962
Mondo cane,6.2,1962
El ángel exterminador,8,1962
Jules et Jim,7.7,1962
The Manchurian Candidate,7.9,1962
What Ever Happened to Baby Jane?,8,1962
8½,8,1963
The Birds,7.6,1963
Pasazerka,7.4,1963
The Servant,7.8,1963
Flaming Creatures,4.6,1963
Khaneh siah ast,7.8,1963
Hud,7.8,1963
Il gattopardo,8,1963
Vidas Secas,7.5,1963
Shock Corridor,7.3,1963
Le mépris,7.5,1963
Blonde Cobra,3,1963
The Cool World,6.5,1963
The Nutty Professor,6.6,1963
The Great Escape,8.2,1963
Méditerranée,5.9,1963
Yukinojô henge,7.4,1963
The Haunting,7.4,1963
Nattvardsgästerna,8,1963
Goldfinger,7.7,1964
My Fair Lady,7.8,1964
Il deserto rosso,7.5,1964
Suna no onna,8.5,1964
Tini zabutykh predkiv,7.8,1965
Scorpio Rising,6.8,1963
Marnie,7.1,1964
The Masque of the Red Death,6.9,1964
Prima della rivoluzione,6.8,1964
Dr. Strangelove or: How I Learned to Stop Worrying and Love the Bomb,8.4,1964
Deus e o Diabo na Terra do Sol,7.2,1964
A Hard Day's Night,7.5,1964
Les parapluies de Cherbourg,7.8,1964
Gertrud,7.3,1964
Mary Poppins,7.8,1964
Onibaba,7.9,1964
Il vangelo secondo Matteo,7.7,1964
Obchod na korze,8.2,1965
Doctor Zhivago,7.9,1965
The War Game,8,1966
Tôkyô orinpikku,7.8,1965
Giulietta degli spiriti,7.5,1965
La battaglia di Algeri,8.1,1966
The Sound of Music,8.1,1965
De man die zijn haar kort liet knippen,6.7,1965
Alphaville: Une étrange aventure de Lemmy Caution,7,1965
Campanadas a medianoche,7.7,1965
"Faster, Pussycat! Kill! Kill!",6.6,1965
Vinyl,4.3,1965
Rekopis znaleziony w Saragossie,7.8,1965
Repulsion,7.6,1965
Pierrot le fou,7.5,1965
Subarnarekha,7.4,1965
Hold Me While I'm Naked,5.3,1966
Who's Afraid of Virginia Woolf?,8,1966
Blow-Up,7.5,1966
Sedmikrásky,7.3,1966
Da zui xia,6.9,1966
Seconds,7.6,1966
"Il buono, il brutto, il cattivo",8.8,1966
Persona,8.1,1966
Au hasard Balthazar,7.8,1966
Masculin féminin,7.4,1966
Report,6.4,1967
2 ou 3 choses que je sais d'elle,6.6,1967
Belle de jour,7.7,1967
Cool Hand Luke,8.1,1967
Playtime,7.8,1967
"Csillagosok, katonák",7.6,1967
The Graduate,8,1967
Point Blank,7.3,1967
Les demoiselles de Rochefort,7.7,1967
Week End,7,1967
Le Samouraï,8,1967
Wavelength,5.4,1967
Ostre sledované vlaky,7.6,1966
Terra em Transe,7.3,1967
In the Heat of the Night,7.9,1967
Marketa Lazarová,7.9,1967
"Horí, má panenko",7.4,1967
The Jungle Book,7.6,1967
Bonnie and Clyde,7.7,1967
Viy,7.2,1967
Hombre,7.4,1967
Gaav,7.9,1969
C'era una volta il West,8.5,1968
Faces (I),7.4,1968
Planet of the Apes,8,1968
Rosemary's Baby,8,1968
If....,7.4,1968
David Holzman's Diary,6.5,1967
Memorias del subdesarrollo,7.6,1968
High School,7.6,1968
Vargtimmen,7.5,1968
2001: A Space Odyssey,8.3,1968
Night of the Living Dead,7.8,1968
Targets,7.3,1968
Skammen,8,1968
The Producers,7.5,1967
Z,8.2,1969
Fellini - Satyricon,6.8,1969
Andrey Rublyov,8.1,1966
Sayat Nova,7.6,1969
Midnight Cowboy,7.8,1969
Butch Cassidy and the Sundance Kid,8,1969
Xia nü,7.5,1971
Easy Rider,7.3,1969
Kes,7.9,1969
Lucía,7.1,1968
In the Year of the Pig,7.4,1968
The Wild Bunch,7.9,1969
Ma nuit chez Maud,7.8,1969
Tristana,7.4,1970
Il conformista,7.9,1970
Le boucher,7.3,1970
El Topo,7.2,1970
Five Easy Pieces,7.4,1970
Deep End,7.2,1970
Strategia del ragno,6.9,1970
Ucho,7.7,1970
Little Big Man,7.6,1970
Patton,7.9,1970
L'uccello dalle piume di cristallo,7.1,1970
M*A*S*H,7.4,1970
Zabriskie Point,6.9,1970
Performance,6.7,1970
Woodstock,8.1,1970
Gimme Shelter,7.8,1970
Il giardino dei Finzi Contini,7.3,1970
Dirty Harry,7.7,1971
A Clockwork Orange,8.3,1971
McCabe & Mrs. Miller,7.6,1971
Le chagrin et la pitié,8.2,1969
Willy Wonka & the Chocolate Factory,7.8,1971
The Devils,7.8,1971
The Hired Hand,7,1971
W.R. - Misterije organizma,6.7,1971
Walkabout,7.6,1971
Klute,7.1,1971
Harold and Maude,7.9,1971
The French Connection,7.7,1971
Még kér a nép,6.8,1972
Get Carter,7.3,1971
Shaft,6.6,1971
Sweet Sweetback's Baadasssss Song,5.5,1971
The Last Picture Show,8,1971
Wanda,7.1,1970
Le souffle au coeur,7.6,1971
Straw Dogs,7.4,1971
Two-Lane Blacktop,7.2,1971
Wake in Fright,7.6,1971
Deliverance,7.7,1972
"Aguirre, der Zorn Gottes",7.8,1972
Cabaret,7.8,1972
Solyaris,8,1972
Viskningar och rop,8,1972
Le charme discret de la bourgeoisie,7.8,1972
The Godfather,9.2,1972
Ultimo tango a Parigi,6.9,1972
Die bitteren Tränen der Petra von Kant,7.6,1972
Fat City,7.3,1972
The Heartbreak Kid,7,1972
Frenzy,7.4,1972
Pink Flamingos,6,1972
Sleuth,8,1972
Super Fly,6.4,1972
The Sting,8.3,1973
La maman et la putain,7.8,1973
High Plains Drifter,7.4,1973
Badlands,7.7,1973
American Graffiti,7.4,1973
Papillon,8,1973
The Long Goodbye,7.5,1973
The Wicker Man,7.5,1973
Enter the Dragon,7.6,1973
Serpico,7.7,1973
Don't Look Now,7.2,1973
La nuit américaine,8,1973
Mean Streets,7.2,1973
Sleeper,7.1,1973
The Exorcist,8.1,1973
F for Fake,7.7,1973
Pat Garrett & Billy the Kid,7.2,1973
Turks fruit,7.1,1973
El espíritu de la colmena,7.8,1973
The Harder They Come,6.9,1972
La planète sauvage,7.7,1973
Amarcord,7.9,1973
The Towering Inferno,7,1974
Bring Me the Head of Alfredo Garcia,7.4,1974
Dersu Uzala,8.2,1975
The Godfather Part II,9,1974
The Conversation,7.8,1974
Zerkalo,8,1975
Chinatown,8.2,1974
A Woman Under the Influence,8.1,1974
Young Frankenstein,8,1974
The Texas Chain Saw Massacre,7.4,1974
Blazing Saddles,7.7,1974
Céline et Julie vont en bateau: Phantom Ladies Over Paris,7.3,1974
Angst essen Seele auf,8,1974
Barry Lyndon,8.1,1975
The Rocky Horror Picture Show,7.4,1975
"Jeanne Dielman, 23 quai du Commerce, 1080 Bruxelles",7.6,1975
O thiasos,7.9,1975
Monty Python and the Holy Grail,8.2,1975
Deewaar,8,1975
Dog Day Afternoon,8,1975
One Flew Over the Cuckoo's Nest,8.7,1975
Maynila sa mga kuko ng liwanag,7.8,1975
Faustrecht der Freiheit,7.6,1975
Nashville,7.6,1975
Salò o le 120 giornate di Sodoma,5.8,1975
Cría cuervos,7.9,1976
Picnic at Hanging Rock,7.4,1975
India Song,6.2,1975
Jaws,8.1,1975
The Man Who Fell to Earth,6.6,1976
All the President's Men,7.9,1976
The Outlaw Josey Wales,7.8,1976
The Killing of a Chinese Bookie,7.3,1976
Network,8.1,1976
Carrie,7.4,1976
Taxi Driver,8.2,1976
Rocky,8.1,1976
Ai no korîda,6.6,1976
Novecento,7.7,1976
Voskhozhdenie,8.2,1977
Close Encounters of the Third Kind,7.6,1977
The Last Wave,7,1977
Star Wars,8.6,1977
Stroszek,7.7,1977
Ceddo,6.7,1977
Der amerikanische Freund,7.4,1977
Annie Hall,8,1977
Suspiria,7.3,1977
Sleeping Dogs,6.3,1977
Last Chants for a Slow Dance,6.1,1977
Czlowiek z marmuru,7.7,1977
Saturday Night Fever,6.8,1977
Killer of Sheep,7.2,1978
Eraserhead,7.3,1977
Soldaat van Oranje,7.6,1977
The Hills Have Eyes,6.3,1977
Days of Heaven,7.8,1978
Halloween,7.7,1978
L'albero degli zoccoli,7.8,1978
The Chant of Jimmie Blacksmith,7.3,1978
The Deer Hunter,8.1,1978
Dawn of the Dead,7.8,1978
Up in Smoke,6.9,1978
Grease,7.2,1978
Shao Lin san shi liu fang,7.6,1978
Wu du,7,1978
My Brilliant Career,7.1,1979
Die Ehe der Maria Braun,7.7,1979
Nosferatu: Phantom der Nacht,7.4,1979
Stalker,8.1,1979
Life of Brian,8,1979
Real Life,7,1979
Breaking Away,7.7,1979
Alien,8.5,1979
Being There,8,1979
Manhattan,7.8,1979
Apocalypse Now,8.5,1979
All That Jazz,7.8,1979
The Muppet Movie,7.6,1979
Cristo si è fermato a Eboli,7.7,1979
Mad Max,6.8,1979
Die Blechtrommel,7.5,1979
The Jerk,7.1,1979
Kramer vs. Kramer,7.8,1979
Ordinary People,7.7,1980
The Empire Strikes Back,8.7,1980
Atlantic City,7.3,1980
Le dernier métro,7.4,1980
The Shining,8.4,1980
The Elephant Man,8.2,1980
The Big Red One,7.1,1980
Loulou,6.7,1980
Raging Bull,8.2,1980
Airplane!,7.7,1980
An American Werewolf in London,7.5,1981
Diva,7.2,1981
Raiders of the Lost Ark,8.4,1981
Das Boot,8.4,1981
Gallipoli,7.4,1981
Chariots of Fire,7.1,1981
Body Heat,7.4,1981
Czlowiek z zelaza,7.3,1981
Reds,7.3,1981
Tre fratelli,7.1,1981
E.T. the Extra-Terrestrial,7.9,1982
The Evil Dead,7.4,1981
Fast Times at Ridgemont High,7.1,1982
Trop tôt/Trop tard,5.6,1981
Poltergeist,7.3,1982
Yol,8,1982
Blade Runner,8.1,1982
Diner,7.1,1982
Tootsie,7.4,1982
Fitzcarraldo,8,1982
Gandhi,8,1982
The Thing,8.2,1982
Fanny och Alexander,8.1,1982
La notte di San Lorenzo,7.3,1982
De stilte rond Christine M.,6.6,1982
The Draughtsman's Contract,7.2,1982
A Christmas Story,7.9,1983
L'argent,7.4,1983
The Right Stuff,7.8,1983
The Big Chill,7.1,1983
Sans soleil,7.8,1983
Star Wars: Episode VI - Return of the Jedi,8.3,1983
Narayama bushikô,7.8,1983
Terms of Endearment,7.4,1983
El Norte,7.7,1983
De vierde man,7.2,1983
Videodrome,7.2,1983
Koyaanisqatsi,8.2,1982
Scarface,8.3,1983
The King of Comedy,7.8,1982
Local Hero,7.3,1983
Once Upon a Time in America,8.3,1984
Le dernier combat,6.7,1983
The Terminator,8.1,1984
The Natural,7.4,1984
Ghostbusters,7.8,1984
"Paris, Texas",8.1,1984
A Nightmare on Elm Street,7.4,1984
This Is Spinal Tap,7.9,1984
A Passage to India,7.3,1984
Beverly Hills Cop,7.3,1984
The Killing Fields,7.8,1984
Stranger Than Paradise,7.4,1984
Amadeus,8.4,1984
Utu,6.9,1983
Prizzi's Honor,6.7,1985
Tóngnián wangshì,7.6,1985
The Breakfast Club,7.8,1985
Idi i smotri,8.4,1985
Mishima: A Life in Four Chapters,7.9,1985
Out of Africa,7.1,1985
Ran,8.2,1985
Back to the Future,8.5,1985
Brazil,7.9,1985
Kiss of the Spider Woman,7.3,1985
The Quiet Earth,6.7,1985
The Purple Rose of Cairo,7.7,1985
Sans toit ni loi,7.7,1985
Shoah,8.7,1985
The Color Purple,7.7,1985
A Room with a View,7.2,1985
La historia oficial,7.7,1985
Manhunter,7.2,1986
Blue Velvet,7.7,1986
Hannah and Her Sisters,7.8,1986
She's Gotta Have It,6.8,1986
Children of a Lesser God,7.2,1986
Caravaggio,6.5,1986
Salvador,7.4,1986
Platoon,8.1,1986
Down by Law,7.7,1986
Le déclin de l'empire américain,7.1,1986
Do ma daan,7.3,1986
Aliens,8.4,1986
Ferris Bueller's Day Off,7.8,1986
The Fly,7.6,1986
Top Gun,6.9,1986
Sherman's March,7.2,1985
Stand by Me,8.1,1986
Tampopo,7.9,1985
Dao ma zei,6.9,1986
Au revoir les enfants,8,1987
Raising Arizona,7.3,1987
Yeelen,7,1987
'A' gai wak 2,7,1987
Der Himmel über Berlin,8,1987
Withnail & I,7.6,1987
The Princess Bride,8,1987
Sien lui yau wan,7.4,1987
Full Metal Jacket,8.3,1987
Broadcast News,7.2,1987
Babettes gæstebud,7.8,1987
"Good Morning, Vietnam",7.3,1987
Moonstruck,7.1,1987
Wall Street,7.3,1987
The Untouchables,7.8,1987
Hong gao liang,7.3,1988
Fatal Attraction,6.9,1987
The Dead,7.2,1987
Housekeeping,7.2,1987
Bull Durham,7,1988
Hôtel Terminus,7.6,1988
"Mujeres al borde de un ataque de ""nervios""",7.5,1988
Spoorloos,7.7,1988
Neco z Alenky,7.4,1988
Ariel,7.5,1988
The Thin Blue Line,8,1988
Akira,8,1988
A Fish Called Wanda,7.5,1988
Une histoire de vent,6.9,1988
The Naked Gun: From the Files of Police Squad!,7.6,1988
Nuovo Cinema Paradiso,8.5,1988
Hotaru no haka,8.5,1988
Big,7.3,1988
Who Framed Roger Rabbit,7.7,1988
Dekalog (198,9,1990
Rain Man,8,1988
Die Hard,8.2,1988
Dangerous Liaisons,7.6,1988
Dead Ringers,7.2,1988
RoboCop,7.6,1987
"Distant Voices, Still Lives",7.4,1988
Topio stin omihli,8,1988
Une affaire de femmes,7.5,1988
The Accidental Tourist,6.7,1988
Drowning by Numbers,7.2,1988
When Harry Met Sally...,7.7,1989
Crimes and Misdemeanors,7.8,1989
Batman,7.5,1989
Field of Dreams,7.5,1989
Glory,7.8,1989
"The Cook, the Thief, His Wife & Her Lover",7.5,1989
My Left Foot: The Story of Christy Brown,7.8,1989
Dip huet seung hung,7.8,1989
Drugstore Cowboy,7.3,1989
Astenicheskiy sindrom,6.6,1989
Do the Right Thing,8,1989
The Unbelievable Truth,7.2,1989
Roger & Me,7.5,1989
"Sex, Lies, and Videotape",7.2,1989
Bei qing cheng shi,7.8,1989
Say Anything...,7.3,1989
Trust,7.4,1990
S'en fout la mort,6.7,1990
GoodFellas,8.7,1990
Nema-ye Nazdik,8.2,1990
King of New York,6.9,1990
Pretty Woman,7.1,1990
Dances with Wolves,8,1990
Henry: Portrait of a Serial Killer,7,1986
Archangel,6.4,1990
Total Recall,7.5,1990
Edward Scissorhands,7.9,1990
Europa Europa,7.6,1990
Reversal of Fortune,7.2,1990
Jacob's Ladder (I),7.4,1990
Boyz n the Hood,7.8,1991
La Belle Noiseuse,7.5,1991
The Rapture,6.3,1991
Guling jie shaonian sharen shijian,8.3,1991
JFK,8,1991
Slacker,7,1990
Wong Fei Hung,7.2,1991
Thelma & Louise,7.5,1991
My Own Private Idaho,7,1991
The Silence of the Lambs,8.6,1991
Terminator 2: Judgment Day,8.6,1991
Delicatessen,7.6,1991
La double vie de Véronique,7.7,1991
Tongues Untied,7.1,1989
Da hong denglong gaogao gua,8.1,1991
Hearts of Darkness: A Filmmaker's Apocalypse,8.1,1991
Naked Lunch,6.9,1991
Romper Stomper,6.8,1992
Strictly Ballroom,7.2,1992
The Player,7.5,1992
Reservoir Dogs,8.3,1992
Glengarry Glen Ross,7.7,1992
Conte d'hiver,7.2,1992
Unforgiven,8.2,1992
Ruan Ling Yu,7.5,1991
C'est arrivé près de chez vous,7.4,1992
The Crying Game,7.2,1992
Dracula,7.4,1992
Candyman,6.7,1992
Aileen Wuornos: The Selling of a Serial Killer,6.9,1992
Lan feng zheng,7.5,1993
Philadelphia,7.7,1993
Xi meng ren sheng,7.1,1993
Short Cuts,7.7,1993
Schindler's List,9,1993
Trois couleurs: Bleu,7.9,1993
Ba wang bie ji,8.1,1993
Groundhog Day,8.1,1993
The Piano,7.5,1993
Xi yan,7.6,1993
Thirty Two Short Films About Glenn Gould,7.3,1993
Jurassic Park,8.2,1993
The Age of Innocence,7.2,1993
The Lion King,8.5,1994
The Last Seduction,7,1994
Les roseaux sauvages,7.3,1994
Crumb,8,1994
Heavenly Creatures,7.3,1994
Pulp Fiction,8.9,1994
Trois couleurs: Rouge,8.1,1994
Natural Born Killers,7.2,1994
Muriel's Wedding,7.2,1994
"The Adventures of Priscilla, Queen of the Desert",7.5,1994
Hoop Dreams,8.3,1994
Sátántangó,8.2,1994
Clerks,7.7,1994
Four Weddings and a Funeral,7.1,1994
Forrest Gump,8.8,1994
Zire darakhatan zeyton,7.7,1994
The Shawshank Redemption,9.3,1994
Caro diario,7.2,1993
Chung Hing sam lam,8,1994
Riget (199,8.2,2022
Lamerica,7.4,1994
Braveheart,8.4,1995
Deseret,5.8,1995
Babe,6.9,1995
Se7en,8.6,1995
Smoke,7.4,1995
Badkonake sefid,7.6,1995
Underground,8.1,1995
Dilwale Dulhania Le Jayenge,8,1995
Xích lô,7.2,1995
Clueless,6.9,1995
Safe,7.1,1995
Heat,8.3,1995
Toy Story,8.3,1995
Toy Story 2,7.9,1999
Toy Story 3,8.3,2010
Dead Man,7.5,1995
Toy Story 4,7.7,2019
The Usual Suspects,8.5,1995
Kjærlighetens kjøtere,7.3,1995
Casino,8.2,1995
Strange Days,7.2,1995
Trainspotting,8.1,1996
Fargo,8.1,1996
Gabbeh,6.9,1996
Trois vies et une seule mort,6.8,1996
Shine,7.6,1996
Scream,7.4,1996
Secrets & Lies,8,1996
The English Patient,7.4,1996
Lone Star,7.4,1996
Breaking the Waves,7.8,1996
Independence Day,7,1996
The Pillow Book,6.5,1996
The Ice Storm,7.4,1997
Hana-bi,7.7,1997
Boogie Nights,7.9,1997
L.A. Confidential,8.2,1997
Funny Games,7.5,1997
Abre los ojos,7.7,1997
The Sweet Hereafter,7.5,1997
Titanic,7.9,1997
Ta'm e guilass,7.7,1997
Deconstructing Harry,7.3,1997
Chun gwong cha sit,7.7,1997
Mononoke-hime,8.3,1997
"Fast, Cheap & Out of Control",7.1,1997
The Butcher Boy,7.1,1997
Kundun,7,1997
Mat i syn,7.3,1997
Saving Private Ryan,8.6,1998
Lola rennt,7.7,1998
Rushmore,7.6,1998
Festen,8.1,1998
Buffalo '66,7.4,1998
Ringu,7.2,1998
Happiness,7.7,1998
The Thin Red Line,7.6,1998
Tetsuo,6.9,1989
"Lock, Stock and Two Smoking Barrels",8.2,1998
Pi,7.3,1998
Idioterne,6.8,1998
Sombre,5.9,1998
There's Something About Mary,7.1,1998
The Big Lebowski,8.1,1998
The Blair Witch Project,6.5,1999
Being John Malkovich,7.8,1999
The Sixth Sense,8.2,1999
Three Kings,7.1,1999
Magnolia,8,1999
Fight Club,8.8,1999
Ôdishon,7.1,1999
American Beauty,8.4,1999
Beau travail,7.3,1999
Todo sobre mi madre,7.8,1999
The Matrix,8.7,1999
Gohatto,6.8,1999
Rosetta,7.4,1999
Bad ma ra khahad bord,7.4,1999
"Le temps retrouvé, d'après l'oeuvre de Marcel Proust",6.7,1999
Juyuso seubgyuksageun,6.9,1999
Eyes Wide Shut,7.5,1999
Les glaneurs et la glaneuse,7.7,2000
Fa yeung nin wah,8.1,2000
Gladiator,8.5,2000
Kippur,6.2,2000
Yi yi,8.1,2000
Requiem for a Dream,8.3,2000
Amores perros,8.1,2000
Memento,8.4,2000
Wo hu cang long,7.9,2000
Nueve reinas,7.9,2000
La captive,6,2000
"Ali Zaoua, prince de la rue",7.4,2000
Meet the Parents,7,2000
Signs & Wonders,5.8,2000
Traffic,7.6,2000
Dancer in the Dark,7.9,2000
"O Brother, Where Art Thou?",7.7,2000
The Lord of the Rings: The Fellowship of the Ring,8.8,2001
The Lord of the Rings: The Two Towers,8.8,2002
The Lord of the Rings: The Return of the King,9,2003
Sen to Chihiro no kamikakushi,8.6,2001
No Man's Land (I),7.9,2001
Le fabuleux destin d'Amélie Poulain,8.3,2001
Ni na bian ji dian,7.3,2001
Y tu mamá también,7.7,2001
Safar-e Ghandehar,6.8,2001
La pianiste,7.5,2001
La stanza del figlio,7.3,2001
Moulin Rouge!,7.6,2001
Monsoon Wedding,7.3,2001
À ma soeur!,6.4,2001
Mulholland Dr.,7.9,2001
The Royal Tenenbaums,7.6,2001
Lantana,7.2,2001
A.I. Artificial Intelligence,7.2,2001
Gangs of New York,7.5,2002
Russkiy kovcheg,7.2,2002
Bowling for Columbine,8,2002
Cidade de Deus,8.6,2002
Hable con ella,7.9,2002
The Pianist,8.5,2002
Adaptation.,7.7,2002
Far from Heaven,7.3,2002
Chicago,7.2,2002
Ying xiong,7.9,2002
Uzak,7.5,2002
Rabbit-Proof Fence,7.4,2002
Irréversible,7.3,2002
Ônibus 174,7.8,2002
Elephant,7.1,2003
Aileen: Life and Death of a Serial Killer,7.1,2003
Oldeuboi,8.4,2003
Good Bye Lenin!,7.7,2003
Osama,7.3,2003
Les invasions barbares,7.5,2003
Kill Bill: Vol. 1,8.2,2003
La meglio gioventù,8.5,2003
Lost in Translation,7.7,2003
Gegen die Wand,7.9,2004
Le conseguenze dell'amore,7.5,2004
Moolaadé,7.6,2004
Der Untergang,8.2,2004
Fahrenheit 9/11,7.5,2004
The Passion of the Christ,7.2,2004
Collateral,7.5,2004
The Aviator,7.5,2004
Million Dollar Baby,8.1,2004
Bin-jip,7.9,2004
Crash (I),7.7,2004
Sideways,7.5,2004
Un long dimanche de fiançailles,7.6,2004
Tsotsi,7.2,2005
Brokeback Mountain,7.7,2005
"Va, vis et deviens",7.8,2005
Paradise Now,7.4,2005
Caché,7.3,2005
The Constant Gardener,7.4,2005
Little Miss Sunshine,7.8,2006
El laberinto del fauno,8.2,2006
Das Leben der Anderen,8.4,2006
The Departed,8.5,2006
Apocalypto,7.8,2006
Borat: Cultural Learnings of America for Make Benefit Glorious Nation of Kazakhstan,7.3,2006
Once (I),7.8,2007
The Queen,7.3,2006
Gwoemul,7.1,2006
The Prestige,8.5,2006
Children of Men,7.9,2006
United 93,7.6,2006
The Last King of Scotland,7.6,2006
Babel (I),7.5,2006
Volver (I),7.6,2006
Paranormal Activity,6.3,2007
No Country for Old Men,8.2,2007
Le scaphandre et le papillon,8,2007
There Will Be Blood,8.2,2007
La Môme,7.6,2007
Into the Wild,8.1,2007
Atonement,7.8,2007
Surfwise,7.1,2007
The Bourne Ultimatum,8,2007
Gomorra,7,2008
The Hurt Locker,7.5,2008
Slumdog Millionaire,8,2008
The Dark Knight,9,2008
Låt den rätte komma in,7.9,2008
WALL·E,8.4,2008
Joheunnom nabbeunnom isanghannom,7.2,2008
The Wrestler,7.9,2008
The Curious Case of Benjamin Button,7.8,2008
Entre les murs,7.5,2008
Anvil: The Story of Anvil,7.9,2008
District 9,7.9,2009
Inglourious Basterds,8.3,2009
Avatar,7.9,2009
Das weiße Band - Eine deutsche Kindergeschichte,7.8,2009
An Education,7.3,2009
Precious (II),7.3,2009
The Hangover,7.7,2009
In the Loop,7.4,2009
Fish Tank,7.3,2009
Cave of Forgotten Dreams,7.4,2010
Des hommes et des dieux,7.2,2010
Black Swan,8,2010
The King's Speech,8,2010
Inception,8.8,2010
The Social Network,7.8,2010
Senna,8.5,2010
Monsters,6.4,2010
Four Lions,7.3,2010
True Grit,7.6,2010
Nostalgia de la luz,7.6,2010
Le Havre,7.2,2011
Shame,7.2,2011
Jodaeiye Nader az Simin,8.3,2011
The Tree of Life,6.8,2011
Drive (I),7.8,2011
Tinker Tailor Soldier Spy,7,2011
Bridesmaids (I),6.8,2011
Le gamin au vélo,7.4,2011
The Artist (I),7.9,2011
The Girl with the Dragon Tattoo,7.8,2011
War Horse,7.2,2011
The Descendants,7.3,2011
Hugo,7.5,2011
The Cabin in the Woods,7,2011
Les Misérables,7.5,2012
Amour,7.9,2012
Argo,7.7,2012
Lincoln,7.3,2012
Skyfall,7.8,2012
Django Unchained,8.4,2012
Life of Pi,7.9,2012
The Act of Killing,8.2,2012
Blancanieves,7.5,2012
Wadjda,7.5,2012
12 Years a Slave,8.1,2013
American Hustle,7.2,2013
La vie d'Adèle,7.7,2013
Gravity,7.7,2013
La grande bellezza,7.7,2013
Inside Llewyn Davis,7.4,2013
Nebraska,7.7,2013
Tian zhu ding,7.1,2013
The Wolf of Wall Street,8.2,2013
Ida,7.4,2013
Under the Skin (I),6.3,2013
Citizenfour,8,2014
Leviafan,7.6,2014
Boyhood (I),7.9,2014
Guardians of the Galaxy,8,2014
Birdman or (The Unexpected Virtue of Ignorance),7.7,2014
Whiplash,8.5,2014
The Theory of Everything,7.7,2014
The Grand Budapest Hotel,8.1,2014
The Look of Silence,8.3,2014
Star Wars: Episode VII - The Force Awakens,7.8,2015
The Revenant,8,2015
Saul fia,7.4,2015
Bridge of Spies,7.6,2015
The Big Short,7.8,2015
Spotlight (I),8.1,2015
Tangerine,7.1,2015
Straight Outta Compton,7.8,2015
Mad Max: Fury Road,8.1,2015
Victoria (II),7.6,2015
La La Land,8,2016
Hell or High Water (II),7.6,2016
The Jungle Book,7.4,2016
Jackie (V),6.7,2016
Toni Erdmann,7.3,2016
Under the Shadow,6.8,2016
Manchester by the Sea,7.8,2016
"I, Daniel Blake",7.8,2016
13th,8.2,2016
Arrival (II),7.9,2016
Moonlight (I),7.4,2016
Ah-ga-ssi,8.1,2016
Dawson City: Frozen Time,7.6,2016
Lady Macbeth,6.8,2016
Lady Bird,7.4,2017
The Shape of Water,7.3,2017
"Three Billboards Outside Ebbing, Missouri",8.1,2017
Call Me by Your Name,7.8,2017
Mother!,6.6,2017
Blade Runner 2049,8,2017
Get Out (I),7.7,2017
Black Panther,7.3,2018
Phantom Thread,7.4,2017
The Greatest Showman,7.5,2017
Crazy Rich Asians,6.9,2018
Capharnaüm,8.4,2018
A Star Is Born,7.6,2018
Avengers: Infinity War,8.4,2018
Roma,7.7,2018
Hereditary,7.3,2018
The Favourite,7.5,2018
Sorry to Bother You,6.9,2018
Vice (I),7.2,2018
BlacKkKlansman,7.5,2018
Avengers: Endgame,8.4,2019
Portrait de la jeune fille en feu,8.1,2019
For Sama,8.5,2019
Booksmart,7.1,2019
Once Upon a Time in... Hollywood,7.6,2019
The Farewell (I),7.5,2019
Joker (I),8.4,2019
Gisaengchung,8.5,2019
Monos,6.9,2019
Little Women,7.8,2019
The Lighthouse (I),7.4,2019
The Vast of Night,6.7,2019
The Assistant (III),6.4,2019
Rocks,7.4,2019
Saint Maud,6.7,2019
Tenet,7.3,2020
Ma Rainey's Black Bottom,6.9,2020
Soul,8,2020
Never Rarely Sometimes Always,7.4,2020
Small Axe. Episode: Lovers Rock,7.5,2020
Nomadland,7.3,2020
